
INSERT INTO chats(chat_id, chat_type) VALUES
(1, 'DM'),
(2, 'DM'),
(3, 'DM'),
(4, 'DM'),
(5, 'DM'),
(6, 'DM'),
(7, 'DM'),
(8, 'DM'),
(9, 'DM'),
(10, 'DM'),
(11, 'DM'),
(12, 'DM'),
(13, 'DM'),
(14, 'DM'),
(15, 'DM'),
(16, 'DM'),
(17, 'DM'),
(18, 'DM'),
(19, 'DM'),
(20, 'DM'),
(21, 'DM'),
(22, 'DM'),
(23, 'DM'),
(24, 'DM'),
(25, 'DM'),
(26, 'DM'),
(27, 'DM'),
(28, 'DM'),
(29, 'DM'),
(30, 'DM'),
(31, 'DM'),
(32, 'DM'),
(33, 'DM'),
(34, 'DM'),
(35, 'DM'),
(36, 'DM'),
(37, 'DM'),
(38, 'DM'),
(39, 'DM'),
(40, 'DM'),
(41, 'GROUP'),
(42, 'GROUP'),
(43, 'GROUP'),
(44, 'GROUP'),
(45, 'GROUP'),
(46, 'GROUP'),
(47, 'GROUP'),
(48, 'GROUP'),
(49, 'GROUP'),
(50, 'GROUP');

--
-- Inserting data into table users
--
INSERT INTO users(user_id, Name, `e-mail`, Password, Display_pic, status) VALUES
(1, 'Helias ebinder', 'Alexia_Dobbins8@example.com', '3', NULL, 'Quos quo rerum asperiores.'),
(2, 'Askanja Lindenstrauss', 'vnlx5987@nowhere.com', '863S3L5G7', 'F20', 'Quisquam temporibus et. Sed;\r\n'),
(3, 'Annea Grünbaum', 'Allen@example.com', '1J801', '1D4OFX', 'Qui non quia. Assumenda!\r\n'),
(4, 'Markus Dötzer', 'Bradbury@example.com', '8K4', 'J8QSD', 'Ut qui voluptatem.\r\nVitae quis.\r\n'),
(5, 'Algriet  Kugler', 'Marci_Peterson485@example.com', '7L6', '0EMX46', 'Et obcaecati itaque; maiores.\r\n'),
(6, 'Alesia  Delbrück', 'Tristan.Mcgregor65@example.com', '3LFI1', '6B2', 'Eius alias quidem. Eaque.\r\n'),
(7, 'Perez Taschenberg', 'fjfn7678@nowhere.com', '10977UF', 'WGM7', 'Eius perspiciatis omnis qui et.'),
(8, 'Adelisa  ack', 'Abrams@nowhere.com', '85CWN90', '7', NULL),
(9, 'Sigi Sievers', 'Arndt@example.com', '1I03W', 'SAZ5477', 'Inventore ut in. Eaque sed!'),
(10, 'Siegher Kramer', 'Burgess@example.com', 'T705H0T18O998', '1CIYIOBTYR2W7183X5NWW3YBJ93', 'Eveniet id magnam. Consequatur.\r\n'),
(11, 'Ehrenfried Lerch', 'StefanieSpring@example.com', '465KL', '9E', 'Omnis voluptatem dolores. Modi!'),
(12, 'Ottomar Wegener', 'WendellTalley@example.com', 'Y93FG', 'H', 'Ut et ut.\r\nVoluptatem non nemo.\r\n'),
(13, 'Gotlinde Maler', 'Demers@example.com', '6EG39', 'G14QATJ', 'Ab aperiam facere. Unde quae.\r\n'),
(14, 'Eva-Maria Möbius', 'Marin2@example.com', '1H6PP5JI', '452KL2M5OFENT7S5MMJ4', 'Voluptatem distinctio aperiam.\r\n'),
(15, 'Burgmann Angst', 'AdelaDoran@example.com', '8UOX', 'N4Z', 'Quibusdam et corrupti. Facere?\r\n'),
(16, 'Fabius chultz', 'Cardwell@example.com', '1GP8', '5Y79X8M', 'Dolores totam temporibus.\r\n'),
(17, 'Felini Singer', 'Anaya@example.com', '0Q1S', 'U6QASXWCZ73J', 'Minima itaque sed. Unde sit?\r\n'),
(18, 'Radulf Heinemann', 'Ferris@nowhere.com', '212L', '5120', 'Laborum consequatur qui. Sit.\r\n'),
(19, 'Raginmar Gerngross', 'AleciaAlston97@nowhere.com', '6', 'VW4E0', 'Voluptatum voluptatem rerum; sed.\r\n'),
(20, 'Elsi Knecht', 'Alaine.Block7@example.com', '3', '2K3', 'Exercitationem explicabo nam.\r\n'),
(21, 'Northild Mauch', 'NathanDubose@example.com', 'HA099J', '58PKVHX', 'Rem mollitia sit. Harum sapiente.\r\n'),
(22, 'Ennja Glauber', 'Brenda_Roderick35@example.com', '551', 'DHL8', 'Doloribus sed et. Consectetur!\r\n'),
(23, 'Raiko Altmann', 'Gustavo_Monk@example.com', '05VBNKB9', '2314V94V59', 'Quisquam architecto voluptatem.\r\n'),
(24, 'Zélenya Singer', 'AdelaidaMorrow@nowhere.com', '1F8N0V5T2M', 'O', 'Aut et dolorem. Eveniet non.\r\n'),
(25, 'Amrei Kramer', 'YungTerrell279@example.com', '6V', '5XZ78145', 'Eos nostrum voluptatem. Et.\r\n'),
(26, 'Cyriacus Bering', 'Felicita.Amos@example.com', '1344PI3EX6LA', NULL, 'Et culpa quia. Fuga reiciendis.\r\n'),
(27, 'Xandra chs', 'Moore2@example.com', 'E', '4V6A', 'Nam quis omnis. Perferendis.\r\n'),
(28, 'Godot Kleinmann', 'Thanh_Bullock522@example.com', 'R97', 'B2', 'Natus est et. Quam est quae!\r\n'),
(29, 'Achime  Falkenstein', 'Hanks@nowhere.com', '9Y3E5V', 'S13', 'Impedit accusamus dignissimos.'),
(30, 'Hellmuth Gekkel', 'uepqajr3283@nowhere.com', 'T', 'E19', 'Officiis odit vel. Voluptas...\r\n'),
(31, 'Burgmann Uhlig', 'Penni_Elrod238@example.com', 'EWLVOR1K', NULL, 'Aut unde quibusdam. Asperiores.'),
(32, 'Ehrhard Kaltenbrunner', 'Abney@nowhere.com', '6QA9P5GW5', 'P', 'Maiores corporis sit. Sed sit.\r\n'),
(33, 'Nante Marschner', 'Benson@nowhere.com', '21', 'J6F079CSXXP', 'Iste numquam voluptas. Ullam.\r\n'),
(34, 'Davi Feuchtwanger', 'GeoffreySmalls@nowhere.com', '7L8EFC', '70U55D', 'Natus ut ipsa. Unde quisquam.\r\n'),
(35, 'Lirabelle flüger', 'amner9923@example.com', '9H9K5GD9711H5', '6', 'Placeat eos maxime; magnam.\r\n'),
(36, 'Adelisa  Borsig', 'Ness@example.com', 'V', 'HG0C6EGCRF63GS65', 'Voluptatem eius ut. Veniam laborum.'),
(37, 'Adine  Kallisen', 'AdanMount@example.com', 'L1D57MW22TRK', 'A', 'In expedita eum. Minus quis!'),
(38, 'Joelline cheffer', 'Daigle792@example.com', '41FH', 'D59', 'Autem quaerat ut. Eos provident!\r\n'),
(39, 'Avera  Franke', 'AdamPham@example.com', '6DZKNS', '60', 'Et molestiae dignissimos. Quas!'),
(40, 'Sigumari chall', 'Blythe.Hahn@example.com', 'J34OB14836C', 'QCUW4WEQ3SJSD6NV08', 'Ratione voluptatem vitae; quas est.'),
(41, 'Jochen Böhm', 'Naylor134@example.com', 'YXZ', '056U44H6M32BLS08515X', 'Facilis ut ex; quaerat ullam.\r\n'),
(42, 'Balintt  Heine', 'Errol_Mckeown@example.com', 'JE', 'MT0X2', 'Architecto illo molestiae.\r\n'),
(43, 'Clivia Braunfels', 'Liliana.Timm742@example.com', '0J', '6RV3DZ', 'Incidunt itaque doloremque.\r\n'),
(44, 'Florien Appel', 'DeshawnPMayo61@nowhere.com', '5F1H273PB8Z', '07', 'In consequatur nisi. Sit!\r\n'),
(45, 'Volkbert Schweizer', 'Criswell@example.com', '9457', '4IJ', 'Debitis sit eveniet. Esse.\r\n'),
(46, 'Colias Kleist', 'Danuta_Aguirre@example.com', 'B9I', '316TOYR9K15P00QG6AYX', 'Voluptates fugiat illum. Unde sed.'),
(47, 'Fine Gardenberg', 'AliceMontanez@example.com', '4I12', 'H085PF', 'Et commodi quia. Excepturi error.\r\n'),
(48, 'Dorita Hildenbrand', 'Acevedo@nowhere.com', 'J081TS63CS74P3', '1', 'Neque doloremque voluptatibus.\r\n'),
(49, 'Dieter Krummacher', 'Alethia.S.Murillo@example.com', 'C2T3', '42', 'Dolorem sit molestias. Vel harum.'),
(50, 'Levia Herzog', 'aguh325@nowhere.com', 'H899O1315VB4', '3UAWF8801W6AVNZ7G2POT5', 'Nostrum est corporis; nemo.');

--
-- Inserting data into table `DMs`
--
INSERT INTO `groups`(chat_id, gname, gdesc, g_dp) VALUES
(41, 'Professional B-Mobile Corporation', 'Beatae doloremque error. Ratione.', 'LQYL88117Q37260178C277'),
(42, 'East Space Explore Corporation', 'Porro soluta dolorum. Facilis.\r\n', 'YL63L'),
(43, 'Canadian Media Co.', 'Et repellat unde. Error ut.\r\n', '8Q10S'),
(44, 'International B-Mobile Group', 'Vero eveniet amet mollitia rerum,.', '0'),
(45, 'American U-Mobile Group', 'Repellat nihil quia. Officia.\r\n', 'Y'),
(46, 'International Optics Corp.', 'Explicabo quia eos. Excepturi quas.', '0K'),
(47, 'Australian Software Corporation', 'Quia sed voluptas. Ut rerum sed.', '1'),
(48, 'Creative High-Technologies Group', 'Ipsa unde aut. Ex corrupti sed.\r\n', '7P048'),
(49, 'WorldWide Green Power Corporation', 'In omnis corporis. Sunt natus esse.', '84CSE65'),
(50, 'Federal Space Research Inc.', 'Rerum illo nobis. Adipisci.\r\n', '7I7K77729');

--
-- Inserting data into table messages
--
INSERT INTO messages(msg_id, content, create_time, sender_id, chat_id) VALUES
(1, 'Omnis et quis. Nulla laudantium.\r\n', '2011-04-24 00:23:01', 2, 1),
(2, 'Totam in rerum. Sit error qui?\r\n', '1972-03-31 18:58:49', 3, 2),
(3, 'Qui blanditiis nihil.\r\n', '1970-01-01 01:08:43', 1, 3),
(4, 'Sit enim autem. Consequatur vel!', '1970-01-01 00:01:08', 5, 4),
(5, 'Dolor aperiam dolorem. Error qui.\r\n', '1976-06-06 22:07:28', 1, 5),
(6, 'Qui voluptatem temporibus. Quo!', '2013-01-28 00:36:55', 7, 6),
(7, 'Iste consequuntur ab. Explicabo.', '1991-08-26 10:56:17', 1, 7),
(8, 'Adipisci saepe est. Ipsa!\r\n', '1976-10-14 09:07:30', 1, 8),
(9, 'Rerum sunt ut; fugit id eum.\r\n', '1979-04-01 10:13:02', 1, 9),
(10, 'Sed et voluptatem. Harum quia.\r\n', '1975-08-23 16:21:17', 11, 10),
(11, 'Ut qui laudantium. Mollitia qui.\r\n', '1985-05-30 05:30:09', 12, 11),
(12, 'Quia magni perspiciatis. Magni!\r\n', '1970-01-01 00:10:13', 13, 12),
(13, 'Voluptatem cumque non. Voluptas!', '1985-07-13 16:14:07', 1, 13),
(14, 'Culpa sit reprehenderit non iste.', '1978-09-20 04:54:21', 1, 14),
(15, 'Neque natus deleniti. Magnam eum.\r\n', '1976-10-13 12:19:36', 1, 15),
(16, 'Dolor nisi deleniti. Qui sit.\r\n', '1970-01-01 00:00:01', 17, 16),
(17, 'Illum voluptas id. Quos!\r\n', '1970-08-01 16:29:49', 18, 17),
(18, 'Mollitia voluptatem ducimus.\r\n', '1972-04-30 19:26:08', 1, 18),
(19, 'Nemo possimus voluptatem.\r\n', '2015-02-21 10:07:23', 1, 19),
(20, 'Laborum vel debitis. Id est et.', '1975-04-23 06:03:05', 21, 20),
(21, 'Incidunt laborum ut. Error.\r\n', '2019-04-07 22:06:19', 2, 21),
(22, 'Error sint ut. Minus architecto!\r\n', '2011-05-07 21:54:45', 2, 22),
(23, 'Qui aut accusantium. Laboriosam.', '1970-01-01 00:00:09', 2, 23),
(24, 'Tempora nihil in. Aspernatur nihil?', '1996-06-25 18:33:49', 6, 24),
(25, 'Sit omnis voluptas. Omnis.\r\n', '2017-06-10 10:26:44', 7, 25),
(26, 'Dolorum qui dolores. Eveniet.\r\n', '1991-02-12 00:33:57', 8, 26),
(27, 'Ut alias consequatur.', '1970-01-01 00:01:05', 9, 27),
(28, 'Rem enim ex; vel eaque aut? Ut.\r\n', '1970-01-01 00:00:03', 2, 28),
(29, 'Accusantium sed nihil. Molestiae;', '1970-01-01 01:45:10', 2, 29),
(30, 'Est ut est magni a animi inventore.', '1989-05-06 00:46:59', 2, 30),
(31, 'Eos quasi sed; voluptatem.', '1970-01-01 00:01:38', 13, 31),
(32, 'Qui tempora vel. Mollitia.\r\n', '2013-03-28 01:16:37', 14, 32),
(33, 'Dolorem praesentium rem. Qui est!\r\n', '1983-08-22 11:22:52', 15, 33),
(34, 'Qui dolor illum.\r\nSapiente sequi.', '2017-10-16 00:27:19', 2, 34),
(35, 'Minus eos et. Saepe dolorem.', '1980-12-26 23:42:04', 2, 35),
(36, 'Eos eligendi necessitatibus;\r\n', '2005-06-05 05:49:10', 2, 36),
(37, 'Quo quibusdam maxime. Iste libero.', '1974-04-13 19:49:55', 19, 37),
(38, 'Quam nihil dicta. Sed vero et!', '1970-01-01 01:57:04', 2, 38),
(39, 'In ut distinctio; nulla iure.\r\n', '1972-01-10 21:05:50', 21, 39),
(40, 'Autem harum odit; dolores.\r\n', '1970-01-01 00:36:44', 2, 40),
(41, 'Corrupti quia facilis.\r\n', '2013-06-05 19:30:39', 22, 40),
(42, 'Fugiat perspiciatis animi.\r\n', '1970-01-01 00:00:07', 2, 40),
(43, 'Ut nemo qui. Est aut aliquid.\r\n', '2002-04-23 14:47:31', 22, 40),
(44, 'Perspiciatis eligendi et.\r\n', '1970-01-01 00:09:35', 22, 40),
(45, 'Perspiciatis nobis non. Id.\r\n', '1970-01-01 00:00:05', 2, 30),
(46, 'Reprehenderit molestiae autem.', '1970-01-01 00:00:41', 2, 30),
(47, 'Voluptatem obcaecati dolores.\r\n', '1971-10-14 18:06:07', 12, 30),
(48, 'Quibusdam debitis impedit.\r\n', '1976-03-06 00:06:26', 12, 30),
(49, 'Voluptatem doloribus.\r\n', '1984-12-16 20:35:38', 12, 30),
(50, 'Dolores minima temporibus.\r\n', '2010-11-16 10:26:46', 46, 50);

--
-- Inserting data into table direct_msg
--
INSERT INTO direct_msg(chat_id, part_id1, part_id2) VALUES
(1, 1, 2),
(2, 1, 3),
(3, 1, 4),
(4, 1, 5),
(5, 1, 6),
(6, 1, 7),
(7, 1, 8),
(8, 1, 9),
(9, 1, 10),
(10, 1, 11),
(11, 1, 12),
(12, 1, 13),
(13, 1, 14),
(14, 1, 15),
(15, 1, 16),
(16, 1, 17),
(17, 1, 18),
(18, 1, 19),
(19, 1, 20),
(20, 1, 21),
(21, 2, 3),
(22, 2, 4),
(23, 2, 5),
(24, 2, 6),
(25, 2, 7),
(26, 2, 8),
(27, 2, 9),
(28, 2, 10),
(29, 2, 11),
(30, 2, 12),
(31, 2, 13),
(32, 2, 14),
(33, 2, 15),
(34, 2, 16),
(35, 2, 17),
(36, 2, 18),
(37, 2, 19),
(38, 2, 20),
(39, 2, 21),
(40, 2, 22);

--
-- Inserting data into table group_members
--
INSERT INTO group_members(chat_id, user_id, is_admin) VALUES
(41, 1, 1),
(41, 2, 0),
(41, 3, 0),
(41, 4, 1),
(41, 5, 1),
(42, 6, 0),
(42, 7, 0),
(42, 8, 0),
(42, 9, 1),
(42, 10, 0),
(43, 11, 1),
(43, 12, 1),
(43, 13, 0),
(43, 14, 0),
(43, 15, 0),
(44, 16, 0),
(44, 17, 0),
(44, 18, 1),
(44, 19, 1),
(44, 20, 0),
(45, 21, 1),
(45, 22, 0),
(45, 23, 1),
(45, 24, 1),
(45, 25, 1),
(46, 26, 1),
(46, 27, 0),
(46, 28, 1),
(46, 29, 0),
(46, 30, 1),
(47, 31, 0),
(47, 32, 1),
(47, 33, 0),
(47, 34, 1),
(47, 35, 1),
(48, 36, 0),
(48, 37, 1),
(48, 38, 1),
(48, 39, 1),
(48, 40, 0),
(49, 41, 1),
(49, 42, 1),
(49, 43, 1),
(49, 44, 0),
(49, 45, 1),
(50, 46, 0),
(50, 47, 1),
(50, 48, 0),
(50, 49, 1),
(50, 50, 1);

--
-- Inserting data into table users_has_chats
--
INSERT INTO users_has_chats(user_id, chat_id) VALUES
(1, 1),
(1, 2),
(1, 3),
(1, 4),
(1, 5),
(1, 6),
(1, 7),
(1, 8),
(1, 9),
(1, 10),
(1, 11),
(1, 12),
(1, 13),
(1, 14),
(1, 15),
(1, 16),
(1, 17),
(1, 18),
(1, 19),
(1, 20),
(1, 41),
(2, 21),
(2, 22),
(2, 23),
(2, 24),
(2, 25),
(2, 26),
(2, 27),
(2, 28),
(2, 29),
(2, 30),
(2, 31),
(2, 32),
(2, 33),
(2, 34),
(2, 35),
(2, 36),
(2, 37),
(2, 38),
(2, 39),
(2, 40),
(2, 1),
(2, 41),
(3, 2),
(3, 21),
(3, 41),
(4, 3),
(4, 22),
(4, 41),
(5, 41),
(5, 4),
(5, 23),
(6, 42),
(6, 5),
(6, 24),
(7, 42),
(7, 6),
(7, 25),
(8, 42),
(8, 7),
(8, 26),
(9, 42),
(9, 8),
(9, 27),
(10, 42),
(10, 9),
(10, 28),
(11, 43),
(11, 10),
(11, 29),
(12, 43),
(12, 11),
(12, 30),
(13, 43),
(13, 12),
(13, 31),
(14, 44),
(14, 13),
(14, 32),
(15, 43),
(15, 14),
(15, 33),
(16, 44),
(16, 15),
(16, 34),
(17, 44),
(17, 16),
(17, 35),
(18, 44),
(18, 17),
(18, 36),
(19, 44),
(19, 18),
(19, 37),
(20, 44),
(20, 19),
(20, 38),
(21, 45),
(21, 20),
(21, 39),
(22, 45),
(22, 40),
(23, 45),
(24, 45),
(25, 45),
(26, 46),
(27, 46),
(28, 46),
(29, 46),
(30, 46),
(31, 47),
(32, 47),
(33, 47),
(34, 47),
(35, 47),
(36, 48),
(37, 48),
(38, 48),
(39, 48),
(40, 48),
(41, 49),
(42, 49),
(43, 49),
(44, 49),
(45, 49),
(46, 50),
(47, 50),
(48, 50),
(49, 50),
(50, 50);

--
-- Inserting data into table users_receive_messages
--
INSERT INTO users_receive_messages(user_id, chat_id, msg_id) VALUES
(1, 1, 1),
(1, 2, 2),
(4, 3, 3),
(1, 4, 4),
(6, 5, 5),
(1, 6, 6),
(8, 7, 7),
(9, 8, 8),
(10, 9, 9),
(1, 10, 10),
(1, 11, 11),
(1, 12, 12),
(14, 13, 13),
(15, 14, 14),
(16, 15, 15),
(1, 16, 16),
(1, 17, 17),
(19, 18, 18),
(20, 19, 19),
(1, 20, 20),
(3, 21, 21),
(4, 22, 22),
(5, 23, 23),
(2, 24, 24),
(2, 25, 25),
(2, 26, 26),
(2, 27, 27),
(10, 28, 28),
(11, 29, 29),
(12, 30, 30),
(2, 31, 31),
(2, 32, 32),
(2, 33, 33),
(16, 34, 34),
(17, 35, 35),
(18, 36, 36),
(2, 37, 37),
(20, 38, 38),
(2, 39, 39),
(22, 40, 40),
(2, 40, 41),
(22, 40, 42),
(2, 40, 43),
(2, 40, 44),
(12, 30, 45),
(12, 30, 46),
(2, 30, 47),
(2, 30, 48),
(2, 30, 49),
(47, 50, 50),
(48, 50, 50),
(49, 50, 50),
(50, 50, 50);


--
-- Inserting data into table users_stars_messages
--
INSERT INTO users_stars_messages(user_id, chat_id, msg_id) VALUES
(9, 8, 8),
(10, 9, 9),
(1, 10, 10),
(1, 11, 11),
(1, 12, 12),
(14, 13, 13),
(15, 14, 14),
(16, 15, 15),
(1, 16, 16),
(1, 17, 17),
(19, 18, 18),
(20, 19, 19),
(1, 20, 20),
(3, 21, 21),
(4, 22, 22),
(5, 23, 23),
(2, 24, 24),
(2, 25, 25),
(2, 26, 26),
(2, 27, 27),
(10, 28, 28),
(11, 29, 29),
(12, 30, 30),
(2, 31, 31),
(2, 32, 32),
(2, 33, 33),
(16, 34, 34),
(17, 35, 35),
(18, 36, 36),
(2, 37, 37),
(20, 38, 38),
(2, 39, 39),
(22, 40, 40),
(2, 40, 41),
(22, 40, 42),
(2, 40, 43),
(2, 40, 44),
(12, 30, 45),
(12, 30, 46),
(2, 30, 47),
(2, 30, 48),
(2, 30, 49),
(47, 50, 50);